target_pct,stop_ratio,RR,n,win_rate,exp_bps,PF,tgt,stop,trail,close
2.5,0.8,1.25,70163,54.9,21.4,1.45,12864,10124,0,47175
2.5,0.65,1.54,70163,53.8,21.35,1.47,12532,13793,0,43838
2.5,1.0,1.0,70163,55.6,21.22,1.44,13125,6757,0,50281
2.5,0.5,2.0,70163,51.5,20.81,1.48,11920,19133,0,39110
2.5,0.4,2.5,70163,48.7,19.83,1.49,11211,24013,0,34939
2.0,1.0,1.0,70163,56.4,19.69,1.44,16375,9562,0,44226
2.5,0.33,3.03,70163,46.2,19.6,1.52,10577,27925,0,31661
2.0,0.8,1.25,70163,55.2,19.47,1.45,15899,13439,0,40825
2.0,0.65,1.54,70163,53.5,19.14,1.46,15307,17516,0,37340
2.5,0.25,4.0,70163,42.3,19.01,1.58,9547,33243,0,27373
2.0,0.5,2.0,70163,50.2,18.07,1.46,14330,23133,0,32700
2.0,0.4,2.5,70163,47.2,17.81,1.5,13436,27624,0,29103
2.0,0.33,3.03,70163,44.6,17.63,1.54,12584,31276,0,26303
1.5,1.0,1.0,70163,57.4,17.37,1.43,21382,13479,0,35302
1.5,0.8,1.25,70163,55.3,16.83,1.44,20543,17833,0,31787
2.0,0.25,4.0,70163,40.2,16.66,1.59,11225,36612,0,22326
1.5,0.65,1.54,70163,52.7,16.35,1.45,19592,22059,0,28512
1.5,0.5,2.0,70163,49.2,16.22,1.5,18240,27119,0,24804
1.5,0.4,2.5,70163,46.0,15.97,1.54,16958,31302,0,21903
1.5,0.33,3.03,70163,42.9,15.42,1.57,15727,34995,0,19441
1.5,0.25,4.0,70163,38.1,14.49,1.63,13915,39948,0,16300
1.0,1.0,1.0,70163,58.6,13.9,1.44,28684,18663,0,22816
1.0,0.8,1.25,70163,55.6,13.7,1.46,27167,22760,0,20236
1.0,0.65,1.54,70163,52.6,13.54,1.5,25572,26517,0,18074
1.0,0.5,2.0,70163,48.3,12.89,1.53,23290,31454,0,15419
1.0,0.4,2.5,70163,44.3,12.26,1.56,21289,35534,0,13340
0.8,1.0,1.0,70163,59.2,12.19,1.45,32135,20729,0,17299
0.8,0.8,1.25,70163,56.0,11.98,1.48,30221,24632,0,15310
1.0,0.33,3.03,70163,40.5,11.5,1.58,19489,38957,0,11717
0.8,0.65,1.54,70163,52.5,11.46,1.5,28185,28512,0,13466
0.8,0.5,2.0,70163,47.6,10.83,1.53,25541,33326,0,11296
1.0,0.25,4.0,70163,35.3,10.56,1.62,17113,43564,0,9486
0.8,0.4,2.5,70163,43.2,10.08,1.55,23205,37332,0,9626
0.6,1.0,1.0,70163,60.1,9.9,1.46,35828,22752,0,11583
0.6,0.8,1.25,70163,56.4,9.55,1.48,33522,26736,0,9905
0.8,0.33,3.03,70163,39.4,9.51,1.57,21312,40631,0,8220
0.6,0.65,1.54,70163,52.3,9.06,1.49,31194,30489,0,8480
0.8,0.25,4.0,70163,34.2,8.69,1.61,18668,45017,0,6478
0.6,0.5,2.0,70163,46.9,8.32,1.51,28104,35176,0,6883
0.6,0.4,2.5,70163,42.3,7.72,1.53,25512,39050,0,5601
0.6,0.33,3.03,70163,38.5,7.28,1.55,23386,42123,0,4654
0.4,1.0,1.0,70163,60.6,6.56,1.42,39827,25150,0,5186
0.6,0.25,4.0,70163,33.3,6.55,1.58,20390,46235,0,3538
0.4,0.8,1.25,70163,56.0,6.08,1.42,36887,29019,0,4257
0.4,0.65,1.54,70163,51.6,5.66,1.43,34056,32639,0,3468
0.4,0.5,2.0,70163,46.0,5.18,1.44,30531,37079,0,2553
0.4,0.4,2.5,70163,41.4,4.78,1.46,27591,40599,0,1973
0.4,0.33,3.03,70163,37.8,4.53,1.48,25257,43329,0,1577
0.4,0.25,4.0,70163,32.9,4.14,1.52,22099,46888,0,1176
